Station_ID,Temperature_C,Humidity_%,Wind_Speed_kmh,Precipitation_mm,Weather_Condition,
STN_1,21.6,80.01,43.79,25.21,Stormy,
STN_2,17.2,70.5,17.41,8.76,Cloudy,
STN_3,26.96,53.35,2.12,1.11,Sunny,
STN_4,22.14,86.37,12.39,10.25,Rainy,
STN_5,12.52,86.81,27.33,23.13,Stormy,
STN_6,16.26,77.86,23.22,21.45,Rainy,
STN_7,27.47,42.39,16.7,2.3,Sunny,
STN_8,19.59,60.05,27.01,7.38,Cloudy,
STN_9,19.6,71.35,27.92,21.68,Rainy,
STN_10,30.48,35.75,29.59,2.38,Sunny,
STN_11,33.37,34.09,13.28,3.16,Sunny,
STN_12,27.55,56.28,8.78,3.18,Sunny,
STN_13,24,76.51,35.2,26.81,Stormy,
STN_14,13.34,80.85,32.34,28.65,Rainy,
STN_15,25.94,50.79,18.48,9.16,Cloudy,
STN_16,28.42,53.69,14.02,6.18,Cloudy,
STN_17,22.8,67.12,32.97,9.5,Cloudy,
STN_18,14.81,82.73,28.05,28.91,Stormy,
STN_19,25.25,35.3,22.29,4.65,Sunny,
STN_20,32.77,45.55,12.91,2.78,Sunny,
STN_1,23.89,72.02,20.86,7.39,Cloudy,
STN_2,10.26,70.31,22.98,29.65,Stormy,
STN_3,23.39,88.43,46.98,20.7,Stormy,
STN_4,13.42,74.51,22.79,12.36,Rainy,
STN_5,31.09,58.16,23.57,4.08,Sunny,
STN_6,20.32,65.59,27.69,23.58,Rainy,
STN_7,15.37,84.96,20.04,16.01,Stormy,
STN_8,19.32,80.15,27.07,25.06,Stormy,
STN_9,22.47,70.08,15.92,15.16,Rainy,
STN_10,33.4,54.4,3.63,3.63,Sunny,
STN_11,,40.4,25.57,2.33,Sunny,
STN_12,15.88,43.82,19.44,6.58,Cloudy,
STN_13,19.98,62.25,6.87,13.95,Rainy,
STN_14,20.87,52.9,19.41,6.01,Cloudy,
STN_15,29.24,58.17,5.04,3.85,Cloudy,
STN_16,18.06,79.33,29.36,13.02,Rainy,
STN_17,28.87,56.31,25.13,4.46,Sunny,
STN_18,21.15,66.56,11.71,11.08,Rainy,
STN_19,21.98,42.63,31.18,3.95,Cloudy,
STN_20,24.64,88.26,35.6,14.78,Rainy,
STN_1,32.63,42.15,23.32,4.53,Sunny,
STN_2,16.93,40.74,22.78,5.24,Cloudy,
STN_3,16.67,76.6,18.34,27.79,Rainy,
STN_4,16.71,78.08,31.47,20.9,Rainy,
STN_5,33.93,43.45,5.14,0.36,Sunny,
STN_6,23.94,66.86,14.22,10.58,Rainy,
STN_7,11.35,83.5,27.57,19.84,Stormy,
STN_8,32.08,33.32,20.01,0.69,Sunny,
STN_9,26.75,58.96,16.17,7.75,Cloudy,
STN_10,16.5,67.76,21.43,15.86,Rainy,
STN_11,31.13,20.72,26.96,3.32,Sunny,
STN_12,22.37,77.81,31.18,28.39,Stormy,
STN_13,32.04,55.46,18.54,3.26,Sunny,
STN_14,15.57,79.23,33.48,25.43,Rainy,
STN_15,,66.4,8.04,4.48,Cloudy,
STN_16,21.31,66.24,13.67,6.7,Cloudy,
STN_17,28.22,36.84,12.5,2.06,Sunny,
STN_18,14.62,78.37,22.17,25.86,Stormy,
STN_19,32.89,21.35,4.32,0.81,Sunny,
STN_20,16.34,63.1,38.04,28.47,Rainy,
STN_1,18.98,,49.58,21.66,Stormy,
STN_2,12.47,93.86,37.84,15.26,Stormy,
STN_3,20.38,79.25,22.79,18.81,Stormy,
STN_4,10.11,71.53,37.18,27.28,Rainy,
STN_5,25.92,40.76,11.84,2.38,Cloudy,
STN_6,12.35,86.9,47.31,18.35,Stormy,
STN_7,27.22,64.56,21.13,8.92,Cloudy,
STN_8,23.1,73.25,49.77,22.44,Stormy,
STN_9,14.75,,34.05,15.66,Stormy,
STN_10,12.41,79.01,39.2,10.26,Rainy,
STN_11,31.3,44.02,11.7,2.34,Sunny,
STN_12,13.63,79.15,36.19,25.44,Rainy,
STN_13,18.59,87.41,42.9,18.72,Stormy,
STN_14,20.01,69.12,22.71,4.73,Cloudy,
STN_15,31.17,44.89,15.69,3.39,Sunny,
STN_16,,59.56,12.33,0.21,Sunny,
STN_17,14.16,71.9,13.95,20.96,Rainy,
STN_18,23.92,75.39,47.95,28.78,Stormy,
STN_19,20.37,60.85,29.81,26.69,Rainy,
STN_20,28.21,33.99,15.71,1.86,Sunny,
STN_1,24.49,74.49,20.74,20.9,Stormy,
STN_2,24.04,60.71,8.01,2.27,Cloudy,
STN_3,18.59,63.46,21.82,0.8,Cloudy,
STN_4,16.44,90.48,43.12,25.8,Stormy,
STN_5,22.12,93.48,49.43,16.98,Stormy,
STN_6,16.71,77.6,21.2,8.82,Cloudy,
STN_7,19.84,87.36,23.23,17.46,Rainy,
STN_8,31.51,50.93,3.61,0.93,Sunny,
STN_9,19.64,89.89,30.44,18.55,Stormy,
STN_10,17.58,85,5.41,25.27,Rainy,
STN_11,24.28,73.56,23.78,9.2,Cloudy,
STN_12,26.72,58.09,24.72,2.09,Cloudy,
STN_13,18.78,87.79,8.54,13.23,Rainy,
STN_14,18.95,69.2,28.38,19.06,Rainy,
STN_15,,83.72,39.2,22.37,Rainy,
STN_16,24.89,67.77,34.83,26.02,Rainy,
STN_17,24.08,73.75,36.03,15.57,Stormy,
STN_18,23.95,61.47,17.76,15.79,Rainy,
STN_19,10.42,78.36,24.74,10.04,Rainy,
STN_20,14.22,88.39,20.07,10.87,Rainy,
STN_1,,75.73,49.7,24.67,Stormy,
STN_2,32.94,30.04,2.22,0.82,Sunny,
STN_3,22.3,61.52,27.09,9.84,Cloudy,
STN_4,16.06,73.95,43.87,17.5,Stormy,
STN_5,24.51,,32.81,3.62,Cloudy,
STN_6,17.53,,9.81,3.37,Cloudy,
STN_7,27.57,41.92,27.68,4.07,Sunny,
STN_8,18.41,74.03,31.57,28.43,Stormy,
STN_9,16.49,,16.29,2.57,Cloudy,
STN_10,10.34,83.89,41.55,15.48,Stormy,
STN_11,18.64,41.65,29.81,2.95,Cloudy,
STN_12,14.99,89.36,46.63,26.34,Stormy,
STN_13,11.43,79.89,33.99,24.86,Stormy,
STN_14,12.31,77.85,13.06,21.92,Rainy,
STN_15,24.07,76.73,33.59,3.17,Cloudy,
STN_16,29.68,31.92,22.41,3.94,Sunny,
STN_17,19.35,,20.49,16.21,Stormy,
STN_18,19.22,85.26,39.5,21.44,Rainy,
STN_19,32.59,36.29,9.65,3.45,Sunny,
STN_20,26.84,43.98,3.83,3.89,Sunny,
STN_1,30.25,43.43,16.77,3.04,Sunny,
STN_2,27.23,61.89,17.36,0.78,Cloudy,
STN_3,22.28,86.71,11.52,29.96,Rainy,
STN_4,30.76,56.99,1.49,0.74,Sunny,
STN_5,28.8,56.27,16.49,0.7,Cloudy,
STN_6,22.27,48.28,8.49,6.89,Cloudy,
STN_7,32.67,24.38,25,4.86,Sunny,
STN_8,11.2,88.04,11.09,17.6,Rainy,
STN_9,13.4,63.94,18.17,27.69,Rainy,
STN_10,26.5,60.01,12.36,3.71,Cloudy,
STN_11,13.51,83.6,31.65,23.16,Rainy,
STN_12,25.8,26.89,20.47,1.47,Sunny,
STN_13,26.76,49.36,8.9,2.79,Sunny,
STN_14,20.99,91.71,24.4,19.86,Stormy,
STN_15,24.34,81.62,40.59,28.38,Stormy,
STN_16,30.14,28.3,3.79,4.7,Sunny,
STN_17,17.27,83.34,30.06,24.31,Stormy,
STN_18,22.04,73.62,19.98,17.78,Rainy,
STN_19,10.3,,36.09,18.31,Rainy,
STN_20,22.54,43.79,27.4,0.62,Cloudy,
STN_1,23.61,60.71,31.69,17.61,Rainy,
STN_2,23.51,72.49,25.18,8.28,Cloudy,
STN_3,21.53,77.56,47.74,24.44,Stormy,
STN_4,21.11,67.25,16.96,1.21,Cloudy,
STN_5,16.47,66.28,26.12,15.44,Rainy,
STN_6,12.53,84.86,23.42,16.33,Stormy,
STN_7,20.32,76.39,41.73,18.67,Stormy,
STN_8,15.01,82.4,47.36,25.79,Stormy,
STN_9,13.85,79.57,18.24,24.3,Rainy,
STN_10,13.04,85.88,23.31,27.75,Stormy,
STN_11,20.01,60.1,20.4,3.33,Cloudy,
STN_12,25.92,54.83,6.56,1.41,Cloudy,
STN_13,,,33.01,6.63,Cloudy,
STN_14,28.35,58.74,12.47,1.55,Sunny,
STN_15,22.4,63.33,26.61,21.8,Rainy,
STN_16,18.25,61.27,10.48,14.72,Rainy,
STN_17,24.75,60.19,20.45,14.66,Rainy,
STN_18,25.48,62.46,13.53,3.24,Cloudy,
STN_19,,51.8,6.82,0.1,Sunny,
STN_20,31.42,45.29,19.49,2.69,Sunny,
STN_1,31.48,51.69,24.52,0.09,Sunny,
STN_2,20.58,91.78,35.5,27.32,Stormy,
STN_3,16.81,42.28,20.71,8.88,Cloudy,
STN_4,29.62,45.66,17.36,1.16,Sunny,
STN_5,23.98,89.18,31.7,20.23,Rainy,
STN_6,28.97,51.04,2.02,0.66,Sunny,
STN_7,21.12,56.03,26.56,9.04,Cloudy,
STN_8,29.9,46.13,23.75,0.32,Sunny,
STN_9,21.53,69.16,26.98,3.51,Cloudy,
STN_10,12.16,69.2,21.24,19.76,Rainy,
STN_11,33.27,48.48,23.54,1.02,Sunny,
STN_12,27.06,74.31,27.03,5.41,Cloudy,
STN_13,18.85,68.39,21.04,25.29,Rainy,
STN_14,17.21,82.49,33.47,24.1,Stormy,
STN_15,15.05,90.43,45.3,19.52,Stormy,
STN_16,28.41,57.63,16.05,4.91,Sunny,
STN_17,20.62,81.48,37.46,23.94,Stormy,
STN_18,14.55,71.6,22.74,23.9,Stormy,
STN_19,13.68,80.93,32.76,23.83,Rainy,
STN_20,23.82,64.68,35.27,18.77,Rainy,
STN_1,16.02,94.81,29.79,28.43,Stormy,
STN_2,24.05,74.82,42.87,27.45,Stormy,
STN_3,10.67,77.99,12.03,16.81,Rainy,
STN_4,28.83,68.21,21.37,9.54,Cloudy,
STN_5,24.91,85.42,40.61,21.42,Stormy,
STN_6,23.21,75.62,19.23,24.45,Rainy,
STN_7,23.69,,49.43,23.89,Stormy,
STN_8,34.81,50.62,18,2.21,Sunny,
STN_9,22.39,82.37,5.48,27.35,Rainy,
STN_10,15.45,62.16,12.62,1.58,Cloudy,
STN_11,23.63,71.88,20.13,24.77,Rainy,
STN_12,22.5,74.09,31.12,29.61,Stormy,
STN_13,23.35,92.43,39.08,20.83,Stormy,
STN_14,20.44,67.32,22.89,16.3,Rainy,
STN_15,16.92,70.99,47.54,25.97,Stormy,
STN_16,19.98,94.45,41.27,28.36,Stormy,
STN_17,20.9,,25.81,26.33,Stormy,
STN_18,31.98,48.31,26.94,3.04,Sunny,
STN_19,25.83,32.73,9.76,1.07,Sunny,
STN_20,17.79,83.53,14.38,18.06,Rainy,
STN_1,13.15,85.49,33,22.5,Stormy,
STN_2,24.36,71.69,38.21,28.72,Stormy,
STN_3,28.8,41.29,8.34,3.55,Sunny,
STN_4,18.2,76.33,25.39,27.42,Stormy,
STN_5,15.01,82.55,47.11,18.4,Stormy,
STN_6,17.33,90.13,42.79,22.03,Stormy,
STN_7,15.53,70.05,48.17,20.31,Stormy,
STN_8,24.37,77.25,25.87,16.1,Stormy,
STN_9,12.26,61.3,34.4,18.68,Rainy,
STN_10,15.13,69.23,14.79,11.82,Rainy,
STN_11,17.26,80.72,10.42,21.17,Rainy,
STN_12,33.39,38.87,8.03,1.98,Sunny,
STN_13,23.09,70.13,17.34,10.21,Rainy,
STN_14,25.78,57.63,31.78,0.82,Cloudy,
STN_15,,77.92,38.94,28.47,Stormy,
STN_16,12.63,68.3,9.01,28.46,Rainy,
STN_17,19.47,83.69,37.95,26.6,Rainy,
STN_18,13.47,62.85,11.73,11.57,Rainy,
STN_19,27.09,23.09,21.2,2.72,Sunny,
STN_20,21.25,41.61,27.41,3.22,Cloudy,
STN_1,21.34,86.82,18.23,20.39,Rainy,
STN_2,30.07,39.34,5.7,3.47,Sunny,
STN_3,19.53,41.66,8.74,8.38,Cloudy,
STN_4,23.4,77.08,9.86,13.9,Rainy,
STN_5,31.17,44.29,22.41,1.46,Sunny,
STN_6,17.7,78.9,22.82,18.08,Rainy,
STN_7,25.88,38.38,17.93,4.69,Sunny,
STN_8,31.46,36.29,27.47,1.37,Sunny,
STN_9,14.56,,32.05,24.35,Stormy,
STN_10,28.55,37.38,6.95,0.53,Sunny,
STN_11,20.51,89.11,22.51,10.68,Rainy,
STN_12,30.92,37.21,5.96,2.61,Sunny,
STN_13,17.17,79.3,43.18,27.26,Stormy,
STN_14,12.55,80.61,31.14,19.19,Stormy,
STN_15,31.65,48.76,22.25,3.83,Sunny,
STN_16,25.56,42.61,14.56,3.15,Sunny,
STN_17,33.86,54.96,11.3,3.41,Sunny,
STN_18,12.74,71.74,39.75,24.28,Stormy,
STN_19,12.14,88.55,20.13,18.64,Rainy,
STN_20,12.73,87.89,20.35,25.69,Stormy,
STN_1,21.19,93.12,35.28,22.89,Stormy,
STN_2,26.74,21.04,20.52,4,Sunny,
STN_3,12.04,74.64,24.06,17.64,Stormy,
STN_4,22.35,86.61,25.24,29.64,Stormy,
STN_5,15.69,49.78,28.61,8.52,Cloudy,
STN_6,19.66,76.48,21.7,26.46,Rainy,
STN_7,21.38,62.61,32,27.74,Rainy,
STN_8,19.88,40.3,19.42,8.13,Cloudy,
STN_9,19.97,70.57,39.82,19.37,Rainy,
STN_10,33.24,26.61,23.39,2.69,Sunny,
STN_11,21.41,47.13,25.51,7.21,Cloudy,
STN_12,26.34,58.76,26.89,3.07,Sunny,
STN_13,27.36,56.03,3.65,0.08,Sunny,
STN_14,14.6,72.99,44,20.95,Stormy,
STN_15,16.49,94.95,47.63,21.34,Stormy,
STN_16,17.76,79.07,11.75,1,Cloudy,
STN_17,21.91,87.08,25.18,26.22,Stormy,
STN_18,34.03,43.05,12.83,1.39,Sunny,
STN_19,18.32,78.56,21.24,26.95,Stormy,
STN_20,26.47,54.91,8.78,5.11,Cloudy,
STN_1,10.4,76.75,17.35,26.86,Rainy,
STN_2,21.1,64.49,22.07,9,Cloudy,
STN_3,23.17,92.38,39.1,29.96,Stormy,
STN_4,18.48,72.5,14.29,17.12,Rainy,
STN_5,19.73,94.78,30.02,16.6,Stormy,
STN_6,23.81,83.86,34.49,19.98,Stormy,
STN_7,33.5,21.55,1.56,1.97,Sunny,
STN_8,27.74,66.54,28.32,0.12,Cloudy,
STN_9,,86.51,36.43,24.39,Rainy,
STN_10,,73.3,29.09,1.89,Cloudy,
STN_11,11.39,74.78,8.67,21.18,Rainy,
STN_12,22.06,50.67,33.92,4.29,Cloudy,
STN_13,14.31,81.84,31.02,15.13,Stormy,
STN_14,14.04,72.22,12.5,14.69,Rainy,
STN_15,21.89,74.75,26.4,28.89,Stormy,
STN_16,14.29,86.91,20.09,20.67,Stormy,
STN_17,12.08,87.74,32.16,16.43,Rainy,
STN_18,13.59,61.73,20.83,17.1,Rainy,
STN_19,19.85,48.44,33.19,6.05,Cloudy,
STN_20,16.7,,12.35,22.06,Rainy,
STN_1,10.56,63.01,34.46,10.96,Rainy,
STN_2,21.61,91.46,40.53,29.05,Stormy,
STN_3,14.11,72.91,45.39,20.16,Stormy,
STN_4,23.39,49.14,10.93,4.3,Cloudy,
STN_5,16.21,73.89,25.09,28.62,Stormy,
STN_6,24.47,81.69,33.98,24.63,Stormy,
STN_7,18.87,62.16,5.38,15.48,Rainy,
STN_8,15.7,87.02,24.37,24.95,Rainy,
STN_9,25.34,68.82,15.52,0.37,Cloudy,
STN_10,15.67,43.93,8.68,1.03,Cloudy,
STN_11,23.76,,35.36,29.15,Stormy,
STN_12,20.74,46.97,12.17,9.76,Cloudy,
STN_13,26.66,48.7,28.32,5.9,Cloudy,
STN_14,32.1,22.65,23.61,3.25,Sunny,
STN_15,19.97,71,40.67,19.67,Stormy,
STN_16,12.39,74.03,33.62,16.9,Stormy,
STN_17,29.13,53.18,2.18,1.47,Sunny,
STN_18,34.36,28,4.11,0.38,Sunny,
STN_19,16.67,71.77,47.01,23.37,Stormy,
STN_20,10.4,84.01,29,23.51,Stormy,
STN_1,29.42,60.73,21.86,5.69,Cloudy,
STN_2,17.49,40.2,30.78,6.32,Cloudy,
STN_3,,43.18,27.33,2.62,Sunny,
STN_4,24.27,78.11,17.24,2.49,Cloudy,
STN_5,28.43,23.68,2.7,2.61,Sunny,
STN_6,21.07,,10.14,29.49,Rainy,
STN_7,,43.97,9.55,3.22,Sunny,
STN_8,10.47,93.01,20.02,24,Stormy,
STN_9,21.33,65.36,22.56,8.91,Cloudy,
STN_10,17.63,62.32,33.79,9.76,Cloudy,
STN_11,34,25.09,7.57,0.08,Sunny,
STN_12,,48.23,8.35,5.48,Cloudy,
STN_13,19.83,65.74,19.85,18.52,Rainy,
STN_14,20.02,51.69,27.34,6.4,Cloudy,
STN_15,33.32,,7.13,4.98,Sunny,
STN_16,14.06,,25.37,28.46,Rainy,
STN_17,13.35,61.71,8.58,21.82,Rainy,
STN_18,23.89,86.99,20.15,13.81,Rainy,
STN_19,33.25,43.98,15.54,0.83,Sunny,
STN_20,17.56,85.58,39.4,21.43,Rainy,
STN_1,24.25,64.12,36.62,21.9,Rainy,
STN_2,11.21,78.8,28.97,23.54,Stormy,
STN_3,26.71,40.28,9.01,4.15,Sunny,
STN_4,33.85,20.31,6.43,2.55,Sunny,
STN_5,13.43,77.71,48.44,16.17,Stormy,
STN_6,13,77.98,40.69,18.31,Stormy,
STN_7,26.86,49.7,7.09,1.21,Cloudy,
STN_8,25.71,54.3,18.59,0.72,Sunny,
STN_9,24.98,90.72,33.96,22.69,Stormy,
STN_10,13.54,71.62,33.9,14.5,Rainy,
STN_11,16.61,59.96,19.79,4.98,Cloudy,
STN_12,20.07,63.61,39.32,17.98,Rainy,
STN_13,23.76,78.67,24.43,19.15,Rainy,
STN_14,25.81,69.33,26.15,0.93,Cloudy,
STN_15,24.94,63.9,27.57,24.48,Rainy,
STN_16,15.13,93.58,45.88,18.19,Stormy,
STN_17,26.66,40.28,23.3,3.92,Cloudy,
STN_18,10.95,64.51,16.69,26.3,Rainy,
STN_19,16.46,74.54,46.25,17.61,Stormy,
STN_20,,80,35.54,21.86,Rainy,
STN_1,25.43,30.69,3.63,4.05,Sunny,
STN_2,27.14,39.47,27.33,2.95,Sunny,
STN_3,16.24,70.19,48.59,15.52,Stormy,
STN_4,18.22,76.77,42.55,20.74,Stormy,
STN_5,24.52,82.98,24.57,20,Stormy,
STN_6,26.31,45.56,18.27,4.47,Sunny,
STN_7,25.49,41.54,23.95,1.63,Sunny,
STN_8,15.78,70.36,8.51,18.98,Rainy,
STN_9,21.93,,33.09,18.62,Rainy,
STN_10,14.85,60.74,8.78,25.63,Rainy,
STN_11,26.87,42.01,20.44,6.18,Cloudy,
STN_12,10.1,70.08,47.2,25.28,Stormy,
STN_13,17.61,49.04,26.48,0.32,Cloudy,
STN_14,15.31,62.35,20.82,27.72,Rainy,
STN_15,33.13,33.86,20.46,4.64,Sunny,
STN_16,15.85,62.3,21.79,26.97,Rainy,
STN_17,15.13,78.56,46.15,16.11,Stormy,
STN_18,23.5,87.33,21.23,20.72,Stormy,
STN_19,31.74,,8.27,4.87,Sunny,
STN_20,15.11,83.85,33.16,28.79,Rainy,
STN_1,18.38,65.21,19.1,3.01,Cloudy,
STN_2,,90.76,22.13,22,Stormy,
STN_3,10.46,87.97,10.26,10.04,Rainy,
STN_4,11.12,82.24,11.61,27.36,Rainy,
STN_5,23.86,69.59,18.31,8.43,Cloudy,
STN_6,14.8,76.49,42.34,19.39,Stormy,
STN_7,33.67,51.78,14.06,0.88,Sunny,
STN_8,17.59,73.03,37.94,24.4,Stormy,
STN_9,21.25,47.26,20.45,8.21,Cloudy,
STN_10,23,61.32,5.92,1.93,Cloudy,
STN_11,15.6,77.35,32.89,28.64,Rainy,
STN_12,25.18,43.6,6.7,0.31,Sunny,
STN_13,12.33,93.29,29.46,27.48,Stormy,
STN_14,24.37,79.83,6.28,0.05,Cloudy,
STN_15,21.75,87.37,32.68,14.01,Rainy,
STN_16,20.52,85.98,36.42,17.25,Stormy,
STN_17,19.16,,48.58,17.48,Stormy,
STN_18,30.44,34.73,11.94,1.83,Sunny,
STN_19,28.64,53.57,0.5,0.96,Sunny,
STN_20,29.15,33.73,23.29,4.44,Sunny,
STN_1,12.03,78.55,24.09,19.59,Stormy,
STN_2,24,88.07,39.63,26.49,Stormy,
STN_3,20.96,85.59,23.1,18.7,Rainy,
STN_4,11.11,,29.47,18.18,Stormy,
STN_5,24.04,63.48,12.27,2.66,Cloudy,
STN_6,17.99,81.02,19.62,21.99,Rainy,
STN_7,18.6,62.57,9.08,2.68,Cloudy,
STN_8,16.65,82.62,14.43,22.31,Rainy,
STN_9,,74.68,37.47,24.81,Stormy,
STN_10,16.27,79.13,35.13,21.24,Rainy,
STN_11,16.9,73.25,43.08,27.42,Stormy,
STN_12,22.26,84.12,6.64,29.95,Rainy,
STN_13,11.44,85.85,10.11,19.31,Rainy,
STN_14,18.46,75.72,24.56,2.34,Cloudy,
STN_15,13.01,61.15,12.99,16.54,Rainy,
STN_16,26.29,75.18,30.17,6.11,Cloudy,
STN_17,22.06,74.19,19.78,8.22,Cloudy,
STN_18,29.12,21.86,9.88,1.16,Sunny,
STN_19,13.19,72.57,42.42,26.54,Stormy,
STN_20,17.47,78.48,6.62,6.15,Cloudy,
STN_1,14.77,82.88,26.83,16.48,Rainy,
STN_2,21.32,63.6,9.32,1.88,Cloudy,
STN_3,31.52,50.19,28.8,1.92,Sunny,
STN_4,10.07,66.58,6,25.96,Rainy,
STN_5,34.92,20.71,24.8,1.42,Sunny,
STN_6,15.77,75.68,23.29,5,Cloudy,
STN_7,34.17,20.01,8.34,2.23,Sunny,
STN_8,28.82,53.01,7.86,2.29,Sunny,
STN_9,34.85,24.94,28.41,0.39,Sunny,
STN_10,25.17,41.06,10.92,1.68,Sunny,
STN_11,14.78,84.77,48.9,29.86,Stormy,
STN_12,30.02,35.24,13.67,2.51,Sunny,
STN_13,22.3,73.01,14.09,17.34,Rainy,
STN_14,21.72,88.93,28.43,25.9,Rainy,
STN_15,27.44,,24.61,3.4,Sunny,
STN_16,28.92,47.82,29.93,0.03,Sunny,
STN_17,,45.59,24.27,3.69,Cloudy,
STN_18,17.14,,25.07,19.03,Stormy,
STN_19,25.47,77.25,28.16,6.37,Cloudy,
STN_20,15.21,83.89,13.27,20.73,Rainy,
STN_1,17.65,87.17,29.82,18.86,Rainy,
STN_2,19.36,41.03,29.24,1.57,Cloudy,
STN_3,18.35,87.5,5.72,24.29,Rainy,
STN_4,10.59,80.23,21.18,17.81,Stormy,
STN_5,15.01,52.65,29.56,2.86,Cloudy,
STN_6,33.06,38.44,13.23,4.68,Sunny,
STN_7,11.01,93.05,22.04,16,Stormy,
STN_8,15.04,,25.44,6.05,Cloudy,
STN_9,22.01,75.72,45.41,25.81,Stormy,
STN_10,,30.81,16.11,1.78,Sunny,
STN_11,18.04,,29.39,3.45,Cloudy,
STN_12,12.07,69.22,21.52,12.59,Rainy,
STN_13,15.97,94.74,40.04,21.5,Stormy,
STN_14,22.63,53.93,30.19,8.04,Cloudy,
STN_15,18.93,86.95,5.56,27.42,Rainy,
STN_16,23.09,66.01,20.25,24.72,Rainy,
STN_17,19.99,57.92,33.64,7.82,Cloudy,
STN_18,23.44,54.23,18.21,6.57,Cloudy,
STN_19,33.31,24.47,4.23,0.24,Sunny,
STN_20,29.14,75.7,34.16,3.73,Cloudy,
STN_1,18.53,41.78,26.99,8.93,Cloudy,
STN_2,17.67,63.92,11.32,22.09,Rainy,
STN_3,19.61,54.37,15.22,2.58,Cloudy,
STN_4,18.44,76.81,34.92,21.56,Rainy,
STN_5,11.42,73.67,27.82,26.71,Stormy,
STN_6,31.25,56.57,26.79,1.43,Sunny,
STN_7,17.43,,29.76,5.95,Cloudy,
STN_8,14.24,75.42,48.07,25.55,Stormy,
STN_9,30.5,24,27.06,4.27,Sunny,
STN_10,15.38,73.6,26.14,25.76,Stormy,
STN_11,29.81,40.38,20.16,5.18,Cloudy,
STN_12,25.45,32.38,15.16,3.94,Sunny,
STN_13,24.28,72.01,28.88,15.93,Rainy,
STN_14,15.79,42.89,24.84,0.3,Cloudy,
STN_15,31.64,52.77,23.47,3.25,Sunny,
STN_16,21.34,60.74,23.77,8.1,Cloudy,
STN_17,18.44,64.35,30.87,11.72,Rainy,
STN_18,,47.57,21.64,4.11,Sunny,
STN_19,20.94,76.53,11.52,9.68,Cloudy,
STN_20,30.39,32.35,11.83,1.31,Sunny,
STN_1,19.41,76.38,17.43,20.35,Rainy,
STN_2,34.48,45.14,22.83,4.14,Sunny,
STN_3,30.59,39.66,12.27,1.53,Sunny,
STN_4,15.97,53.14,20.81,7.8,Cloudy,
STN_5,21.38,77.34,40.62,27.44,Stormy,
STN_6,17.72,54.25,14.98,1.91,Cloudy,
STN_7,28.08,31.85,26.66,1.76,Sunny,
STN_8,31.25,35.97,27.04,0.28,Sunny,
STN_9,14.53,88.13,36.5,20.35,Stormy,
STN_10,20.78,44.17,15.97,2.77,Cloudy,
STN_11,15.56,75.88,30.41,15.01,Stormy,
STN_12,28.36,41.16,15.79,4.66,Cloudy,
STN_13,14.97,87.79,36.29,15.18,Rainy,
STN_14,28.36,43.91,26.6,7.76,Cloudy,
STN_15,12.28,75.52,23.13,14.07,Rainy,
STN_16,21.68,89.54,48.41,29.25,Stormy,
STN_17,20.77,69.84,19.44,3.48,Cloudy,
STN_18,16.67,71.32,6.29,0.01,Cloudy,
STN_19,20.45,73.14,26.38,11.08,Rainy,
STN_20,31.23,49.22,26.78,3.99,Sunny,
STN_1,25.24,29.93,10.8,4.3,Sunny,
STN_2,,27.69,1.65,1.18,Sunny,
STN_3,34.34,20.98,19.61,0.67,Sunny,
STN_4,,93.52,38.15,22.29,Stormy,
STN_5,14.68,61.72,8.72,12.76,Rainy,
STN_6,11.02,79.18,39.47,10.21,Rainy,
STN_7,19.3,86.74,40.58,20.98,Stormy,
STN_8,22.15,81.35,33.14,27.4,Stormy,
STN_9,27.06,55.14,12.36,0.69,Sunny,
STN_10,17.74,42.48,9.71,0.49,Cloudy,
STN_11,25.35,78.51,33.16,4.44,Cloudy,
STN_12,26.02,68.02,13.84,2.09,Cloudy,
STN_13,24.87,73.78,10.76,23.58,Rainy,
STN_14,21.67,71.2,30.52,20.84,Rainy,
STN_15,15.35,42.51,29.83,2.8,Cloudy,
STN_16,13.5,89.03,41.81,22.08,Stormy,
STN_17,20.13,57.97,9.46,0.63,Cloudy,
STN_18,16.52,91.3,25.82,24.68,Stormy,
STN_19,17.44,52.44,26.53,2.13,Cloudy,
STN_20,34.4,21.99,15.89,0.89,Sunny,
STN_1,26.22,51.01,27.27,2.45,Sunny,
STN_2,16.1,71.28,9.94,7.57,Cloudy,
STN_3,13.32,77.36,9.5,23.96,Rainy,
STN_4,20.49,59.15,14.48,5.08,Cloudy,
STN_5,32.44,26.19,26.42,3.47,Sunny,
STN_6,22.47,70.65,24.88,20.02,Rainy,
STN_7,25.12,35.06,15.58,3.17,Sunny,
STN_8,,51.89,7.3,7.52,Cloudy,
STN_9,14.24,81.2,42.06,17.02,Stormy,
STN_10,16.24,78.96,24.95,4.96,Cloudy,
STN_11,25.46,59.84,15.5,2.45,Sunny,
STN_12,27.87,61.71,15.8,4.23,Cloudy,
STN_13,28.66,40.48,23.43,5.28,Cloudy,
STN_14,23.5,80.05,18.42,14.25,Rainy,
STN_15,18.43,76.92,5.58,4.35,Cloudy,
STN_16,15.47,61.62,12.86,24.15,Rainy,
STN_17,10.09,83.12,10.52,14.81,Rainy,
STN_18,21.26,82.2,21.48,28.35,Stormy,
STN_19,11.17,81.7,39.03,18.16,Stormy,
STN_20,30.09,22.37,9.07,0.5,Sunny,
STN_1,17.84,59.33,32.42,5.88,Cloudy,
STN_2,11.71,80.47,34.9,28.82,Stormy,
STN_3,19.97,84.58,27.81,15.43,Rainy,
STN_4,14.42,65.43,31.11,14.3,Rainy,
STN_5,13.44,70.63,19.19,12.3,Rainy,
STN_6,21.16,,31.93,13.53,Rainy,
STN_7,,45,29.95,2.39,Cloudy,
STN_8,20.79,73.43,25.87,18.55,Stormy,
STN_9,22.24,58.39,12.09,2.41,Cloudy,
STN_10,14.27,81.55,14.69,12.12,Rainy,
STN_11,14.91,70.13,32.97,12.11,Rainy,
STN_12,24.28,73.39,11.21,23.73,Rainy,
STN_13,21.35,63.01,13.84,12.75,Rainy,
STN_14,,53.61,19.55,9.55,Cloudy,
STN_15,16.63,92.49,44.83,25.45,Stormy,
STN_16,20.73,59.77,21.28,8.23,Cloudy,
STN_17,30.13,,26.8,4.88,Sunny,
STN_18,21.6,60.85,20.81,25.55,Rainy,
STN_19,11.7,70.34,34,18.8,Stormy,
STN_20,23.91,89.84,35.84,29.7,Stormy,
STN_1,29.12,47.47,14.97,3.9,Sunny,
STN_2,25.77,41.49,21.28,8.69,Cloudy,
STN_3,24.33,89.31,32.59,24.28,Stormy,
STN_4,20.46,76.06,32.2,23.41,Stormy,
STN_5,21.23,52.97,18.47,6.06,Cloudy,
STN_6,,91.38,42.87,17.12,Stormy,
STN_7,18.78,80.81,24.87,23.55,Rainy,
STN_8,18.63,79.86,30.47,11.98,Rainy,
STN_9,21.65,90.02,40.1,15.77,Stormy,
STN_10,18.57,87.18,39.31,12.67,Rainy,
STN_11,23.51,82.32,42.79,19.29,Stormy,
STN_12,21.71,89.04,21.62,28.96,Stormy,
STN_13,20.9,56.15,6.72,5.72,Cloudy,
STN_14,17.63,58.1,6.7,0.89,Cloudy,
STN_15,11.64,67.31,12.08,29.86,Rainy,
STN_16,19.11,91.71,24.06,17.94,Stormy,
STN_17,32.76,56.96,24.5,0.16,Sunny,
STN_18,18.42,71.33,25.42,17.62,Stormy,
STN_19,22.71,,28.66,28.14,Rainy,
STN_20,33.99,31.08,21.38,3.68,Sunny,
STN_1,27.07,26.25,20.81,1.42,Sunny,
STN_2,12.02,85.84,19.29,23.92,Rainy,
STN_3,17.18,66.36,5.83,2.23,Cloudy,
STN_4,,77.1,21.74,24.76,Rainy,
STN_5,11,83.25,33.79,17.58,Stormy,
STN_6,23.15,68.89,7.2,1.11,Cloudy,
STN_7,25.38,47.35,9.65,4.74,Cloudy,
STN_8,26.35,54.87,22.28,3.47,Sunny,
STN_9,11.46,63.27,29.05,19.43,Rainy,
STN_10,11.3,75.66,21.35,17.46,Rainy,
STN_11,16.47,62.37,32.15,22.44,Rainy,
STN_12,17.59,70.77,6.55,5.06,Cloudy,
STN_13,30.32,53.97,0.35,1.25,Sunny,
STN_14,,93.16,40.77,25.47,Stormy,
STN_15,18.69,68.22,14.16,18.98,Rainy,
STN_16,,65.8,33.32,18.04,Rainy,
STN_17,26.89,71.73,11.2,5.39,Cloudy,
STN_18,26.23,45.37,27.44,9.77,Cloudy,
STN_19,34.15,44.32,7.56,1.96,Sunny,
STN_20,15.42,86.52,36.05,23.27,Stormy,
STN_1,16.03,59.66,23.06,9.47,Cloudy,
STN_2,32.46,47.28,26.2,0.55,Sunny,
STN_3,10.28,89.67,26.86,19.09,Rainy,
STN_4,14.39,94.21,29.17,24.1,Stormy,
STN_5,10.78,90.7,42.48,24.13,Stormy,
STN_6,,81.72,38.43,21.83,Stormy,
STN_7,22.22,59.33,21.15,7.49,Cloudy,
STN_8,34.84,51.05,28.33,2.63,Sunny,
STN_9,24.49,68.13,13.11,23.37,Rainy,
STN_10,24.01,68.7,30.84,1.37,Cloudy,
STN_11,18.33,74.77,26,23.11,Stormy,
STN_12,22.52,67.46,21.41,28.88,Rainy,
STN_13,13.65,76.69,18.54,16.97,Rainy,
STN_14,31.03,57.32,0.79,1.19,Sunny,
STN_15,18.25,94.29,42.18,25.32,Stormy,
STN_16,19.58,76.06,26.16,3.63,Cloudy,
STN_17,14.7,87.28,41.75,25.63,Stormy,
STN_18,28.9,44.53,5.16,2.81,Cloudy,
STN_19,34.8,35.63,2.52,0.05,Sunny,
STN_20,28.19,23.54,7.41,2.27,Sunny,
STN_1,22.6,75.53,5.1,29.65,Rainy,
STN_2,12.73,81.09,7.78,23.09,Rainy,
STN_3,,64.29,23.54,5.75,Cloudy,
STN_4,21.46,74.22,49.59,29,Stormy,
STN_5,25.67,56.5,31.98,1.66,Cloudy,
STN_6,,84.4,25.58,25.18,Rainy,
STN_7,27.7,36.1,27.53,2.5,Sunny,
STN_8,30.65,57.63,13.91,0.06,Sunny,
STN_9,24.7,88.34,11.84,24.69,Rainy,
STN_10,31.83,53.73,7.24,2.55,Sunny,
STN_11,12.81,94.44,30.96,29.75,Stormy,
STN_12,15.53,70.4,37.37,26.9,Stormy,
STN_13,25.43,27.23,27.58,3.24,Sunny,
STN_14,10.59,71.51,25.61,10.13,Rainy,
STN_15,26.29,58,10.54,3.48,Sunny,
STN_16,13.17,86.98,26.4,25.73,Rainy,
STN_17,19.21,88.42,38.97,18.04,Stormy,
STN_18,18.45,76.09,19.27,27.62,Rainy,
STN_19,32.76,27.77,23.89,4.81,Sunny,
STN_20,32.18,41.43,20.26,1.4,Sunny,
STN_1,18.94,70.44,22.21,4.58,Cloudy,
STN_2,10.04,77.71,7.94,17.58,Rainy,
STN_3,24.74,84.03,34.62,22.73,Rainy,
STN_4,15.38,75.55,24.3,29.52,Stormy,
STN_5,,52.36,7.84,2.38,Sunny,
STN_6,29.67,59.99,7.52,0.79,Sunny,
STN_7,14.57,76.79,14.7,18.41,Rainy,
STN_8,,76.49,10.85,9.05,Cloudy,
STN_9,15.57,79.56,33.4,15.32,Rainy,
STN_10,14.42,84.24,24.85,28.95,Stormy,
STN_11,15.86,58.55,18.4,5.9,Cloudy,
STN_12,25.66,36.76,4.45,3.01,Sunny,
STN_13,12.7,92.7,22.03,16.58,Stormy,
STN_14,18.47,79.7,22.09,28.63,Stormy,
STN_15,18,47.7,33.33,7.55,Cloudy,
STN_16,16.08,58.21,32.64,4.49,Cloudy,
STN_17,26.09,62.48,31.94,9.58,Cloudy,
STN_18,31.12,28.21,10.58,2.87,Sunny,
STN_19,10.46,73.85,29.19,20.23,Stormy,
STN_20,16.26,68.4,30.68,5.2,Cloudy,
STN_1,34.75,59.13,22.02,3.08,Sunny,
STN_2,16.93,65.94,9.73,10.95,Rainy,
STN_3,19.71,86.29,29.66,23.71,Rainy,
STN_4,23.11,71.37,25.64,19.73,Stormy,
STN_5,20.14,67.86,10.3,23.83,Rainy,
STN_6,21.82,54.01,22.13,5.41,Cloudy,
STN_7,16.9,73.01,23.72,22.85,Rainy,
STN_8,17.26,79.59,34.8,24.78,Stormy,
STN_9,25.57,21.12,13.13,4.65,Sunny,
STN_10,29.01,47.23,17.3,2.4,Cloudy,
STN_11,24.01,70.31,18.12,14.31,Rainy,
STN_12,,84.06,32.49,19.44,Stormy,
STN_13,24.81,76.26,33.74,0.62,Cloudy,
STN_14,13.69,61.6,18.15,21.52,Rainy,
STN_15,25.8,60,8.64,0.96,Sunny,
STN_16,19.96,84.8,27.03,22.66,Rainy,
STN_17,28.14,42.49,11.2,4.91,Sunny,
STN_18,22.41,70.47,21.19,25.02,Stormy,
STN_19,28.36,61.85,5.36,1.97,Cloudy,
STN_20,15.19,82.41,31.29,25.12,Stormy,
STN_1,18.37,65.86,29.6,5.15,Cloudy,
STN_2,10.29,66.39,32.01,29.56,Rainy,
STN_3,18.14,43.68,30.16,8.35,Cloudy,
STN_4,20.35,88.16,39.16,25.13,Stormy,
STN_5,28.87,23.63,16.43,1.6,Sunny,
STN_6,,73.78,46.07,18.02,Stormy,
STN_7,19.87,94.21,42.79,27.13,Stormy,
STN_8,14.34,79.68,34.8,25.66,Stormy,
STN_9,14.9,76.25,46.6,27.57,Stormy,
STN_10,31.24,27.47,3.1,3.43,Sunny,
STN_11,19.16,69.83,7.92,7.57,Cloudy,
STN_12,31.33,27.66,27.82,2.29,Sunny,
STN_13,16,85.07,45.91,27.62,Stormy,
STN_14,10.9,60.25,6.59,22.17,Rainy,
STN_15,13.26,84.6,48.49,27.61,Stormy,
STN_16,14.81,71.28,39.2,28.37,Rainy,
STN_17,14.29,76.93,33.01,29.61,Stormy,
STN_18,32.98,32.17,26.59,0.32,Sunny,
STN_19,18.81,64.6,24.36,23.58,Rainy,
STN_20,30.13,26,23.31,3.96,Sunny,
STN_1,20.68,90.81,43.17,25.7,Stormy,
STN_2,29.36,39.97,14.4,0.09,Sunny,
STN_3,16.41,80.98,23.04,20.88,Stormy,
STN_4,24.86,72.04,42.76,18.39,Stormy,
STN_5,22.82,51.37,17.89,9.54,Cloudy,
STN_6,14.26,93.4,22.61,28.44,Stormy,
STN_7,24.99,52.13,15.37,0.4,Cloudy,
STN_8,16.33,68.72,22.34,9.06,Cloudy,
STN_9,17.58,71.09,28.64,17.8,Rainy,
STN_10,,92.54,29.91,15.41,Stormy,
STN_11,19.27,90.24,24.95,23.71,Stormy,
STN_12,15.6,65.95,20.21,22.19,Rainy,
STN_13,23.64,90.15,41.66,21.65,Stormy,
STN_14,20.77,61.44,21.86,14.13,Rainy,
STN_15,22.66,68.03,24.77,0.4,Cloudy,
STN_16,24.22,50.08,15.85,6.06,Cloudy,
STN_17,,70.23,46.05,28.87,Stormy,
STN_18,21.65,81.49,39.79,13.12,Rainy,
STN_19,17.02,51.04,32.54,5.6,Cloudy,
STN_20,28.2,54.38,21.45,9.94,Cloudy,
STN_1,31.17,33.82,15.15,4.6,Sunny,
STN_2,24.66,91.9,38.5,20.59,Stormy,
STN_3,11.78,86.52,41.61,27.09,Stormy,
STN_4,13.11,60.24,23.35,13.54,Rainy,
STN_5,24.91,78.04,27.88,26.25,Stormy,
STN_6,,68.19,25.49,1.97,Cloudy,
STN_7,19.97,51.78,8.13,4.76,Cloudy,
STN_8,19.95,63.44,21.27,4.57,Cloudy,
STN_9,29.15,27.07,3.5,0.65,Sunny,
STN_10,31.73,23.76,12.75,3.53,Sunny,
STN_11,18.3,88.7,11.72,13.64,Rainy,
STN_12,24.85,84.79,17.26,18.87,Rainy,
STN_13,29.83,36.71,24.65,0.81,Sunny,
STN_14,13.02,88.39,25.3,15.09,Rainy,
STN_15,27.31,59.19,21.88,3.5,Cloudy,
STN_16,10.55,71.69,20.63,16.87,Stormy,
STN_17,12.31,77.68,49.9,17.44,Stormy,
STN_18,13.82,63.55,30.4,13.41,Rainy,
STN_19,12.4,91.7,37.42,15.13,Stormy,
STN_20,19.21,57.39,6.04,2.25,Cloudy,
STN_1,22.44,71.72,37.33,23.7,Stormy,
STN_2,16.49,73.81,21.28,28.31,Stormy,
STN_3,31.18,27.66,8.45,1.23,Sunny,
STN_4,28.66,42.48,24.33,2.54,Sunny,
STN_5,16.43,72.89,34.28,26.78,Stormy,
STN_6,27.09,78.46,23.9,7.94,Cloudy,
STN_7,15.71,70.37,31.64,17.51,Stormy,
STN_8,17.53,71.41,47.94,22.06,Stormy,
STN_9,,64.31,9.21,18.33,Rainy,
STN_10,24.46,82.45,23.14,21.06,Stormy,
STN_11,28.78,46.02,14.97,2.22,Sunny,
STN_12,20.66,,29.76,25.58,Stormy,
STN_13,23.73,53.79,5.23,0.64,Cloudy,
STN_14,26.47,36.52,29.73,1.3,Sunny,
STN_15,34.32,47.6,20.23,0.96,Sunny,
STN_16,28.23,40.45,28.66,2.29,Cloudy,
STN_17,22.26,75.62,26.26,16.4,Rainy,
STN_18,25.24,59.75,7.18,3.63,Sunny,
STN_19,16.77,73.34,21.98,20.11,Stormy,
STN_20,27.72,42.85,26.3,0.39,Cloudy,
STN_1,13.77,72.2,27.94,22.17,Stormy,
STN_2,27.41,31.63,9.48,2.12,Sunny,
STN_3,12.4,71.2,23.84,18.18,Stormy,
STN_4,10.99,75.22,11.54,19.49,Rainy,
STN_5,25.35,51.7,13.51,10,Cloudy,
STN_6,32.28,26.24,28.22,4.24,Sunny,
STN_7,13.28,70.28,40.84,18.97,Stormy,
STN_8,12.45,66.68,15.13,13.82,Rainy,
STN_9,31.89,57.41,3.45,4.53,Sunny,
STN_10,22.32,78,37.31,19.8,Stormy,
STN_11,34,20.1,21.57,3.57,Sunny,
STN_12,19.48,87.93,34.59,29.25,Stormy,
STN_13,,69.86,35.17,25.49,Rainy,
STN_14,23.07,,16.02,27.15,Rainy,
STN_15,23.38,71.04,32.86,1.01,Cloudy,
STN_16,17.59,64.66,27.02,25.71,Rainy,
STN_17,11.58,68.57,23.49,29.72,Rainy,
STN_18,26.15,52.59,17.38,3.83,Sunny,
STN_19,22.31,76.8,38.35,10.02,Rainy,
STN_20,32.28,28.09,27.56,4.97,Sunny,
STN_1,17.75,,47,28.17,Stormy,
STN_2,18.2,42.05,5.95,2.78,Cloudy,
STN_3,17.7,86.98,12.73,17.69,Rainy,
STN_4,11.15,89.78,37.7,17.89,Rainy,
STN_5,29.42,,12.21,6.9,Cloudy,
STN_6,21.49,73.64,18.49,25.8,Rainy,
STN_7,20.41,70.38,47.77,29.99,Stormy,
STN_8,28.41,34.8,26.23,3.17,Sunny,
STN_9,17.99,69.7,16.86,8.69,Cloudy,
STN_10,20.01,90.82,20.34,29.37,Stormy,
STN_11,19.58,78.31,44.09,20.98,Stormy,
STN_12,34.73,29.49,7.2,2.4,Sunny,
STN_13,31.22,33.44,15.64,3.32,Sunny,
STN_14,26.14,45.74,23.32,8.69,Cloudy,
STN_15,32.86,27.73,2.2,0.25,Sunny,
STN_16,27.39,53.49,32.25,1.86,Cloudy,
STN_17,21.48,76.37,18.34,15.94,Rainy,
STN_18,15.14,75.05,39.15,25.59,Stormy,
STN_19,,54.85,22.47,4.54,Cloudy,
STN_20,31.08,31.53,5.13,1.21,Sunny,
STN_1,16.87,72.7,38.04,26.77,Stormy,
STN_2,13.07,72.55,38.13,27.57,Rainy,
STN_3,28.82,50.37,27.03,4.18,Sunny,
STN_4,19.92,73.73,28.15,29.33,Rainy,
STN_5,11.03,78.92,29.68,16.55,Stormy,
STN_6,19.66,76.46,44.21,25.33,Stormy,
STN_7,,,19.42,17.04,Rainy,
STN_8,26.9,76.79,28.48,3.36,Cloudy,
STN_9,32.66,50.91,25.5,3.77,Sunny,
STN_10,20.73,94.92,24.18,20.38,Stormy,
STN_11,23.32,87.26,44.71,18.83,Stormy,
STN_12,13.44,63.19,24.43,19.46,Rainy,
STN_13,31.25,30.34,13.84,3.96,Sunny,
STN_14,24.69,79.11,26.91,10.93,Rainy,
STN_15,15.25,85.59,23.99,21.28,Stormy,
STN_16,14.87,77.98,16.51,19.89,Rainy,
STN_17,26.73,64.08,10.69,8.35,Cloudy,
STN_18,26.73,58.98,7.71,2.63,Sunny,
STN_19,24,70.49,30.93,8.61,Cloudy,
STN_20,23.83,71.35,34.91,13.77,Rainy,
STN_1,32.43,32.85,8.24,1.86,Sunny,
STN_2,22.33,,27.83,27.86,Stormy,
STN_3,32.14,55.09,6.5,2.92,Sunny,
STN_4,26.28,73.4,29.86,6.11,Cloudy,
STN_5,15.23,87.51,29.59,15.23,Stormy,
STN_6,24.94,,22.76,28.76,Rainy,
STN_7,31.18,28.82,23.22,1.62,Sunny,
STN_8,24.76,87.42,5.05,14.09,Rainy,
STN_9,16.6,62.35,37.48,15.68,Rainy,
STN_10,31.51,38.55,4.14,3.73,Sunny,
STN_11,,54.75,30.84,8.17,Cloudy,
STN_12,19.06,79.5,25.09,27.5,Rainy,
STN_13,24.65,87.11,22.64,24.16,Stormy,
STN_14,26.62,,24.58,1.99,Sunny,
STN_15,15.87,73.21,32.88,28.97,Rainy,
STN_16,12.21,62.02,9.97,29.26,Rainy,
STN_17,13.33,90.71,25.35,15.09,Stormy,
STN_18,24.82,77.64,30.68,22.14,Rainy,
STN_19,17.49,57.08,13.56,7.13,Cloudy,
STN_20,26.43,54.08,6.76,5.41,Cloudy,
STN_1,34.93,36.58,10.92,3.46,Sunny,
STN_2,32.6,50.47,18.34,2.43,Sunny,
STN_3,18.83,77.38,15.33,9.36,Cloudy,
STN_4,15.67,73.54,25.38,18.94,Stormy,
STN_5,,76.22,18,21.09,Rainy,
STN_6,21.61,77.34,29.63,28.19,Rainy,
STN_7,29.09,37.85,22.87,4.28,Sunny,
STN_8,28.52,65.65,31.63,5.62,Cloudy,
STN_9,15.98,93.22,45.72,23.55,Stormy,
STN_10,31.54,47.27,20.19,0.43,Sunny,
STN_11,28.32,52.67,5.14,3.75,Sunny,
STN_12,15.45,78.14,21.64,19.16,Stormy,
STN_13,18.08,57.38,31.9,7.95,Cloudy,
STN_14,30.73,27.92,17.12,4.54,Sunny,
STN_15,23.69,83.75,24.88,29.07,Stormy,
STN_16,10.05,78.02,20.11,27.3,Stormy,
STN_17,11.4,87.92,14.71,11.14,Rainy,
STN_18,10.39,75.43,18.11,20.66,Rainy,
STN_19,21.51,87.88,36.47,21.1,Stormy,
STN_20,26.77,53.25,23.42,8.63,Cloudy,
STN_1,17.23,76.45,14.7,9.12,Cloudy,
STN_2,24.56,71.51,36.71,19.66,Stormy,
STN_3,25.43,,17.9,0.27,Sunny,
STN_4,21,76.14,38.39,21.82,Stormy,
STN_5,18.05,63.7,22.36,4.2,Cloudy,
STN_6,15.65,47.29,14,6.59,Cloudy,
STN_7,20.34,,8.88,10.3,Rainy,
STN_8,29.81,50.38,6.69,8.99,Cloudy,
STN_9,27.14,69.95,5.82,9.4,Cloudy,
STN_10,23.71,89.19,38.71,23.76,Rainy,
STN_11,28.87,67.97,33.82,7.73,Cloudy,
STN_12,19.56,42.38,24.75,5.65,Cloudy,
STN_13,33.61,45.71,21.65,1.72,Sunny,
STN_14,,43.32,5.2,0.56,Cloudy,
STN_15,18.78,71.23,26.54,18.98,Rainy,
STN_16,30.36,40.28,7.79,2.62,Sunny,
STN_17,13.92,75.18,23.49,20.5,Stormy,
STN_18,17.6,73.62,17.45,15.18,Rainy,
STN_19,19.04,64.16,8.59,27.69,Rainy,
STN_20,34.54,28.89,19.85,2.88,Sunny,
STN_1,31.67,31.36,3.4,3.64,Sunny,
STN_2,29.3,45.12,27.75,4.64,Sunny,
STN_3,22.09,89.98,31.21,13.25,Rainy,
STN_4,14.17,78.02,49.29,16.5,Stormy,
STN_5,20.16,64.28,29.67,17.54,Rainy,
STN_6,23.13,71,38.15,17.48,Rainy,
STN_7,19.08,66.63,25.44,4.84,Cloudy,
STN_8,23.82,80.43,46.94,20.13,Stormy,
STN_9,25.67,40.15,3.73,0.57,Sunny,
STN_10,20.71,79.8,22.28,15.43,Stormy,
STN_11,13.59,67.7,15.82,24.69,Rainy,
STN_12,22.93,63.63,11.03,15.83,Rainy,
STN_13,19.34,41.81,14.17,8.24,Cloudy,
STN_14,12.35,76.56,32.36,19.34,Stormy,
STN_15,23.78,71.75,15.28,11.41,Rainy,
STN_16,16.27,77.72,9.99,28.95,Rainy,
STN_17,21.27,79.17,21.51,27.45,Stormy,
STN_18,22.85,67.55,19.78,18.5,Rainy,
STN_19,26.25,,28.59,2.98,Sunny,
STN_20,10.43,84.45,38.38,15.16,Stormy,
STN_1,21.63,66.73,32.18,19.96,Rainy,
STN_2,29.59,33.99,9.49,2.54,Sunny,
STN_3,23.97,56.34,16.73,2.59,Cloudy,
STN_4,,73.85,21.2,5.72,Cloudy,
STN_5,11.55,71.33,31.05,16.36,Rainy,
STN_6,18.29,86.24,32.35,15.65,Stormy,
STN_7,,88.44,37.23,10.57,Rainy,
STN_8,20.72,83.24,48.44,24.21,Stormy,
STN_9,25.61,42.81,11.51,0.25,Sunny,
STN_10,33.85,41.81,23.53,1.06,Sunny,
STN_11,31.13,49.33,1.02,3.05,Sunny,
STN_12,21.78,,30.46,29.19,Stormy,
STN_13,27.35,21.71,28.47,4.92,Sunny,
STN_14,15.76,67.51,26.42,14.69,Rainy,
STN_15,10.3,82.89,37.15,16,Rainy,
STN_16,13.8,86.82,29.97,25.02,Stormy,
STN_17,27.59,,26.2,4.52,Sunny,
STN_18,20.1,90.3,44.21,23.84,Stormy,
STN_19,11.75,80.5,10.28,22.33,Rainy,
STN_20,11.62,67.15,18.73,25.31,Rainy,
STN_1,30.03,57.79,25.84,2.2,Sunny,
STN_2,19.7,78.93,38.61,29.65,Stormy,
STN_3,28.65,55.2,33.72,6.02,Cloudy,
STN_4,24.39,68.15,27.79,25.57,Rainy,
STN_5,27.18,33.06,7.54,3.77,Sunny,
STN_6,13.28,63.74,10,29.11,Rainy,
STN_7,26.54,29.2,18.97,2.61,Sunny,
STN_8,31.99,,6.71,0.39,Sunny,
STN_9,27.01,40.52,15.61,3.24,Sunny,
STN_10,33.1,50.77,6.76,1.8,Sunny,
STN_11,13.15,92.97,36.16,19.43,Stormy,
STN_12,27.92,35.24,13.65,3.58,Sunny,
STN_13,15.6,75.32,21.84,8.75,Cloudy,
STN_14,12.01,,31.64,22.84,Rainy,
STN_15,13.34,91.14,31.89,22.64,Stormy,
STN_16,20.4,78.42,6.23,29.58,Rainy,
STN_17,16.53,70.93,6.31,17.86,Rainy,
STN_18,11.4,71.01,33.7,13.65,Rainy,
STN_19,18.82,66.09,27.96,24.47,Rainy,
STN_20,,41.98,22.92,4.92,Cloudy,
STN_1,19.73,,26.07,25.73,Rainy,
STN_2,19.27,88.37,20.68,25,Stormy,
STN_3,13.86,62.73,33.93,29.61,Rainy,
STN_4,19.25,63.11,38.27,25.39,Rainy,
STN_5,24.87,53.53,9.65,9.99,Cloudy,
STN_6,24.15,88.14,28.76,25.38,Rainy,
STN_7,24,79.06,14.66,20.44,Rainy,
STN_8,27.36,43.49,27.3,3.25,Sunny,
STN_9,15.32,,33.11,26.53,Stormy,
STN_10,27.39,67.62,23.11,3.72,Cloudy,
STN_11,18.09,75.18,8.67,27.12,Rainy,
STN_12,11.01,77.3,11.34,27.72,Rainy,
STN_13,27.62,73.31,5.05,3.69,Cloudy,
STN_14,25.88,,11.8,3.64,Sunny,
STN_15,18.64,63.65,8.4,9.5,Cloudy,
STN_16,18.36,78.6,33.15,14.79,Rainy,
STN_17,14.87,66.61,37.05,11.74,Rainy,
STN_18,,75.7,26.17,22.86,Stormy,
STN_19,20.55,68.74,25.46,17.04,Rainy,
STN_20,33.36,29.97,5.81,0.79,Sunny,
STN_1,29.95,23.42,28.91,3.78,Sunny,
STN_2,22.13,55.95,10.63,2.92,Cloudy,
STN_3,24.1,78.24,34.26,7.06,Cloudy,
STN_4,34.81,57.46,19.51,2.61,Sunny,
STN_5,10.91,73.01,5.81,26.43,Rainy,
STN_6,33.75,51.25,10.22,4.18,Sunny,
STN_7,34.98,28.45,26.35,1.01,Sunny,
STN_8,17.55,72.93,14.96,17.29,Rainy,
STN_9,24.95,46.52,24.47,5.19,Cloudy,
STN_10,16.66,81.25,38.37,15.02,Stormy,
STN_11,22.89,,27.11,23.56,Rainy,
STN_12,28.57,,13.9,2.8,Cloudy,
STN_13,15.52,82.57,36.54,26.34,Stormy,
STN_14,29.51,54.26,26.85,6.88,Cloudy,
STN_15,23.93,85.36,28.18,25,Rainy,
STN_16,29.46,35.38,11.41,3.62,Sunny,
STN_17,,43.63,0.79,0.35,Sunny,
STN_18,23.65,87.46,19.73,25.63,Rainy,
STN_19,26.55,49.86,14.72,2.68,Sunny,
STN_20,30.4,58.52,23.7,4.86,Sunny,
STN_1,21.6,88.64,38.11,13.72,Rainy,
STN_2,21.92,65.52,7.62,0.17,Cloudy,
STN_3,28.36,34.68,11.93,4.67,Sunny,
STN_4,18.57,52.13,12.86,2.54,Cloudy,
STN_5,20.59,58.41,27.39,3.87,Cloudy,
STN_6,22.79,90.98,21.35,29.25,Stormy,
STN_7,28.59,55.34,23.37,3,Sunny,
STN_8,10.42,74.56,33.61,28.87,Stormy,
STN_9,29.17,32.43,2.46,4.05,Sunny,
STN_10,13.76,76.33,5.65,15.94,Rainy,
STN_11,12.48,84.47,24.66,14.53,Rainy,
STN_12,20.96,78.47,42.1,16.97,Stormy,
STN_13,32.25,21.03,10.4,4.99,Sunny,
STN_14,13.11,72.9,30.19,20.56,Stormy,
STN_15,14.72,68.08,23.26,21.33,Rainy,
STN_16,25.57,41.68,17.02,3.72,Sunny,
STN_17,19.68,53.47,29.32,6.78,Cloudy,
STN_18,28.19,24.72,25.77,0.59,Sunny,
STN_19,20.17,,35.13,19.9,Rainy,
STN_20,17.62,46.69,27.2,6.03,Cloudy,
STN_1,32.95,,8.83,1.66,Sunny,
STN_2,25.01,70.55,23.38,2.04,Cloudy,
STN_3,23.27,82.03,37.57,18.83,Stormy,
STN_4,16.02,87.41,27.82,27.02,Stormy,
STN_5,21.43,78.29,41.61,20.44,Stormy,
STN_6,24.42,86.93,27.75,19.89,Rainy,
STN_7,22.02,62.91,24.44,13.66,Rainy,
STN_8,29.88,45.02,19.21,4.31,Sunny,
STN_9,34.23,37.71,16.63,3.81,Sunny,
STN_10,28.9,43.03,17.08,0.72,Sunny,
STN_11,15.12,76.82,23.82,15.45,Rainy,
STN_12,24.93,42.86,34.78,7.69,Cloudy,
STN_13,25.93,56.87,5.36,1.22,Sunny,
STN_14,29.78,56.13,30.17,4.95,Cloudy,
STN_15,27.58,49.86,14.84,5.83,Cloudy,
STN_16,23.91,87.26,30.95,16.07,Rainy,
STN_17,26.29,24.79,22.47,2.37,Sunny,
STN_18,14.58,74.38,44.6,19.81,Stormy,
STN_19,19.95,78.32,38.02,28.31,Rainy,
STN_20,31.56,46.31,24.52,4.19,Sunny,
